Sno,Name,Marks in Cloud,Marks in Python,Marks in Java,Average
1,Punya,123,200,120,147.6666667
2,Ram,100,130,90,106.6666667
3,Shyam,121,133,122,125.3333333
4,Nanda,132,111,131,124.6666667
5,Raja,100,101,102,101
6,Reyansh,130,130,119,126.3333333
7,Hridansh,121,111,111,114.3333333
8,Ramesh,110,111,112,111
9,Meghnad,101,110,107,106
10,Dhruv,10,7,5,7.333333333
11,Mukesh,111,117,119,115.6666667
12,Razaq,121,122,123,122
13,Abdul,123,122,180,141.6666667
14,Muhhamed,180,150,110,146.6666667
